{
  "loss": [
    1.741558313369751,
    1.375760793685913,
    1.3161057233810425,
    1.3155618906021118,
    1.2062286138534546,
    1.0659446716308594,
    1.0269166231155396,
    0.9798452854156494,
    0.9394261837005615,
    0.8632537126541138,
    0.8655720353126526,
    0.852963387966156,
    0.8227362036705017,
    0.7687169313430786,
    0.736401379108429,
    0.7518348097801208,
    0.7162748575210571,
    0.6824632287025452,
    0.6922967433929443
  ],
  "accuracy": [
    0.4860600531101227,
    0.6443014740943909,
    0.6181066036224365,
    0.599724292755127,
    0.688725471496582,
    0.710324764251709,
    0.711550235748291,
    0.7781862616539001,
    0.7446385025978088,
    0.8100489974021912,
    0.8003982901573181,
    0.8033088445663452,
    0.787837028503418,
    0.8310355544090271,
    0.8439031839370728,
    0.8403798937797546,
    0.8314951062202454,
    0.843137264251709,
    0.8420649766921997
  ],
  "weighted_accuracy": [
    0.36788493394851685,
    0.5110103487968445,
    0.5261228680610657,
    0.5150434970855713,
    0.5617424845695496,
    0.6282895803451538,
    0.622053861618042,
    0.6528985500335693,
    0.6440775990486145,
    0.6722478270530701,
    0.678285539150238,
    0.6863017082214355,
    0.6855961680412292,
    0.7098181843757629,
    0.7025267481803894,
    0.7128584384918213,
    0.715101957321167,
    0.7365596890449524,
    0.7301443219184875
  ],
  "val_loss": [
    1.1533746719360352,
    1.1153578758239746,
    0.9851942658424377,
    1.0448054075241089,
    0.9313313364982605,
    0.7799014449119568,
    0.889793872833252,
    0.8056498169898987,
    0.7640498280525208,
    0.7354938387870789,
    0.6906147599220276,
    0.7010742425918579,
    0.7585750818252563,
    0.668023943901062,
    0.7016878128051758,
    0.6987277865409851,
    0.6966471076011658,
    0.701886773109436,
    0.696582019329071
  ],
  "val_accuracy": [
    0.6036866307258606,
    0.49539169669151306,
    0.7488479018211365,
    0.7677419185638428,
    0.7907834053039551,
    0.8119815587997437,
    0.7880184054374695,
    0.8239631056785583,
    0.8345621824264526,
    0.8534561991691589,
    0.8539170622825623,
    0.8566820025444031,
    0.8497695922851562,
    0.8599078059196472,
    0.8603686690330505,
    0.8603686690330505,
    0.8635944724082947,
    0.8635944724082947,
    0.861751139163971
  ],
  "val_weighted_accuracy": [
    0.6036866307258606,
    0.49539169669151306,
    0.7488479018211365,
    0.7677419185638428,
    0.7907834053039551,
    0.8119815587997437,
    0.7880184054374695,
    0.8239631056785583,
    0.8345621824264526,
    0.8534561991691589,
    0.8539170622825623,
    0.8566820025444031,
    0.8497695922851562,
    0.8599078059196472,
    0.8603686690330505,
    0.8603686690330505,
    0.8635944724082947,
    0.8635944724082947,
    0.861751139163971
  ],
  "lr": [
    0.0010000000474974513,
    0.0010000000474974513,
    0.0010000000474974513,
    0.0010000000474974513,
    0.0010000000474974513,
    0.0010000000474974513,
    0.0010000000474974513,
    0.0010000000474974513,
    0.0005000000237487257,
    0.0005000000237487257,
    0.0005000000237487257,
    0.0005000000237487257,
    0.0005000000237487257,
    0.0002500000118743628,
    0.0002500000118743628,
    0.0002500000118743628,
    0.0001250000059371814,
    0.0001250000059371814,
    6.25000029685907e-05
  ]
}